user_posting_tweet,user_mentioned,Type
yasminadaus,YouTube,0
yasminadaus,YouTube,0
haunt3dWinGz,YouTube,0
ovrcome,BillClinton,0
DLifestyler1,KingJames,0
DLifestyler1,KingJames,0
oodvit,YouTube,0
sherrieinprovo,YouTube,0
DougBfresh2,SHAQ,0
DougBfresh2,SHAQ,0
DougBfresh2,SHAQ,0
shortguytim,YouTube,0
dcsheriff,YouTube,0
lindsalexandra,maddow,0
brucemasonjr,maddow,0
RLAlvarado1976,maddow,0
kirkdhansen,maddow,0
AngAngieAngela,maddow,0
_binarynumber,elonmusk,0
Kaileylovesu,YouTube,0
inamghafoor,BillGates,0
Rockettes,ActuallyNPH,0
stephanayye_,TheEllenShow,0
ysvcv,MTV,0
jongikz,verge,0
jackiekhalifa_,wizkhalifa,0
sapphospickle,ddlovato,0
trey3fan,YouTube,0
StacyJCarlson,YouTube,0
krithikagm,BillGates,0
cclegp,BillGates,0
DavidDuarTech,BillGates,0
casa716,YouTube,0
lizlovesoreos,onedirection,0
kris_jprice,YouTube,0
DCBri,BillGates,0
DCBri,elonmusk,0
MMcAndrews13,KingJames,0
Sahandram,YouTube,0
graziemartinsj,ddlovato,0
Snugbucket,Google,0
djfleekyniks,ddlovato,0
AbirRoyOfficial,Forbes,0
K84tay,katyperry,0
0DaniCh,YouTube,0
DFlex2123,TIME,0
andrewpickup,BillGates,0
andrewpickup,elonmusk,0
ETHANLILIENSTE4,YouTube,0
dwalsh017,YouTube,0
voterof1D,onedirection,0
ipranith,Microsoft,0
ipranith,BillGates,0
mobileholly,TIME,0
abbyschoffstall,TheEllenShow,0
27sec,YouTube,0
MrGerry,YouTube,0
MrGerry,YouTube,0
noahweissman,YouTube,0
gunnarhalley,YouTube,0
Fishin_Faculak_,blakeshelton,0
MrGerry,YouTube,0
katykicksass,katyperry,0
CavsMatt,KingJames,0
allan_swannu,YouTube,0
kimberlyjang,hootsuite,0
neniii77,YouTube,0
TheHansonson,YouTube,0
kevinernste,SarahKSilverman,0
kevinernste,BillGates,0
KarenRenaeOwens,enews,0
guidorosso,BillGates,0
MrGerry,YouTube,0
gadixie1,YouTube,0
OnlyLgN,YouTube,0
JeffBrown92,KDTrey5,0
yachachiq,YouTube,0
pageraum,YouTube,0
iannwu,BillGates,0
MrGerry,YouTube,0
MrGerry,YouTube,0
MrGerry,YouTube,0
keishaervin,YouTube,0
JNNP_BMJ,BillGates,0
BESTYELLOW,Forbes,0
CameronMalone28,Cristiano,0
_NineAnutza,YouTube,0
ThisIsTheEndUSA,YouTube,0
Banteola_TheBee,YouTube,0
Beamster_T2P,Eminem,0
Beamster_T2P,BarackObama,0
abazan9,YouTube,0
Colour_BarsAU,YouTube,0
megLvstoTweet,YouTube,0
HartleKim,enews,0
walterort,YouTube,0
MrsPGTaylor316,YouTube,0
rishbest,YouTube,0
MrGerry,YouTube,0
b0ggzLEE,MLB,0
MauricioJusto_,BillGates,0
benlieber4ever,justinbieber,0
GuzSku,YouTube,0
Invincible25X,YouTube,0
tytimmon,Beyonce,0
sibrenvanesfit,YouTube,0
lazzuri,verge,0
kichanbostero,Cristiano,0
ABigBowlOfChips,YouTube,0
MrGerry,YouTube,0
Tropcaliente,YouTube,0
ixrated,BillGates,0
studiofalcony,YouTube,0
studiofalcony,YouTube,0
GuisemOwn,enews,0
HootsuiteLife,hootsuite,0
MrGerry,YouTube,0
fjvelazco,BillGates,0
MrGerry,YouTube,0
CVlmao,YouTube,0
fatguydiary,YouTube,0
jaykogami,verge,0
The_Boris7,TheRock,0
AANEMorg,YouTube,0
ManuelPecCan,YouTube,0
CartyBrencarty,enews,0
Bills_Fan_1990,JohnCena,0
VirtualStealth,YouTube,0
JeffAyling,YouTube,0
AyDashTee,YouTube,0
MrGerry,YouTube,0
ABigBowlOfChips,YouTube,0
naturalgeorge,YouTube,0
justinerbenard,BarackObama,0
MrGerry,YouTube,0
CameronMalone28,Cristiano,0
LEGENDxTAZ,YouTube,0
MrGerry,YouTube,0
ShawnOfLovesac,richardbranson,0
MrGerry,YouTube,0
FBcoachMitchell,YouTube,0
AyDashTee,YouTube,0
J2GALI,YouTube,0
HindsShannon,onedirection,0
HindsShannon,ddlovato,0
hockey_madness,YouTube,0
tzomick,ABC,0
mndaustralia,BillGates,0
TwiggiPlumBrand,YouTube,0
FBcoachMitchell,YouTube,0
MrGerry,YouTube,0
watercolortear,katyperry,0
bobby_lamb,YouTube,0
sjreom,YouTube,0
KarenWahlberg75,YouTube,0
shareyourshare,mashable,0
NomarTPK,YouTube,0
MrGerry,YouTube,0
princessnancee,YouTube,0
MrGerry,YouTube,0
jacy_heide,KevinHart4real,0
derby_jeremiah,YouTube,0
itsbarIos,KDTrey5,0
itsbarIos,KingJames,0
itsbarIos,KDTrey5,0
scottyoungfit,YouTube,0
viniciusad,YouTube,0
efahmi,YouTube,0
lovatombre,ddlovato,0
Waka_Shloka,KimKardashian,0
KingFrench23,KingJames,0
KingFrench23,KDTrey5,0
ozzystudio,YouTube,0
jovicasie,TIME,0
thehalalone,YouTube,0
LifeofArielL,YouTube,0
kahwooi_tan,verge,0
Techchaser,TIME,0
GreG_HouSe_TM,YouTube,0
KatysFirework19,katyperry,0
GloireAmani,BillGates,0
StephenLangsam,NFL,0
BobTheTeacher,YouTube,0
vaquinton1,ddlovato,0
SFHSLaCanadaCA,YouTube,0
jiluliavieve,taylorswift13,0
watercolortear,katyperry,0
gaz_b1979,BBCBreaking,0
mariualbano,YouTube,0
shygalxoxo_,ddlovato,0
MIKE_BROWNS_UK,KingJames,0
missmisti,Starbucks,0
goryoinsam,YouTube,0
virjog,BillGates,0
virjog,elonmusk,0
TerMonroe,TIME,0
CR7_prensa,Cristiano,0
_kailiem,katyperry,0
jamieizskye,MLB,0
MowiYT,YouTube,0
elbignoggin,ddlovato,0
FckUimScottish,RobertDowneyJr,0
LAMAAANTA,YouTube,0
Kelsi_Lauryn_16,YouTube,0
CJPenido,YouTube,0
lendamiano,YouTube,0
ana__islas,YouTube,0
alexboeira,YouTube,0
smcslothsloth,BillGates,0
iSnake_x,YouTube,0
gamcphee,USATODAY,0
GrayGhost1421,YouTube,0
Chrysanthvs,chrisbrown,0
FLORINFANZON,enews,0
Abril7,YouTube,0
necrogamesage,YouTube,0
mandolin1001,YouTube,0
sparkles121113_,ddlovato,0
kjohan73,verge,0
DocTalbott,YouTube,0
laneo123,YouTube,0
mmunozzzz28,KevinHart4real,0
triswimrob,YouTube,0
Sebbyz,YouTube,0
MarkVozzo,elonmusk,0
MarkVozzo,BillGates,0
SirTylerBurns,TheOnion,0
cafeicultura,YouTube,0
lil_skyscraper_,ddlovato,0
BenIrwinG,YouTube,0
andres_vip,Pontifex,0
EasternShorb,katyperry,0
ehoantonio,YouTube,0
mohamme00588919,YouTube,0
smartshoot,YouTube,0
callmecase,YouTube,0
Swifty448,taylorswift13,0
katiebethmusic,YouTube,0
SGomezRare_,YouTube,0
saoirse_rae97,YouTube,0
Jasski81,YouTube,0
Vidur_Patel,BillGates,0
SelenatoorTeam,selenagomez,0
wonwoodaesang,onedirection,0
EazeeBREEZY1,chrisbrown,0
Abril7,YouTube,0
mandolin1001,ABC,0
ShAdOwXPR,YouTube,0
CproductionRec,NBA,0
lkirkland2,NBCNews,0
sullyisback,BillGates,0
CrzyPatsfan,NFL,0
TrailerMedia,YouTube,0
deelitefully1,NBA,0
MB_JENESIS,Beyonce,0
MB_JENESIS,kanyewest,0
momensity_prime,YouTube,0
xzuriel,Forbes,0
GiulianaRancic,enews,0
wonwoodaesang,onedirection,0
toaster92_,YouTube,0
tidy1,YouTube,0
gullysports,YouTube,0
enota0,BillGates,0
CrzyPatsfan,NFL,0
Georgiee_Porgie,ladygaga,0
Furby8704,BillGates,0
aka_opex,YouTube,0
OmgitzTyler247,chrisbrown,0
OU182,ABC,0
Hanouda8,YouTube,0
Joep_M,YouTube,0
frankcingles,Forbes,0
mamanesser,Drake,0
SteveAyscue,YouTube,0
TerryCharlotte,KingJames,0
TerryCharlotte,Oprah,0
9Yai_Live,YouTube,0
njhiredgun,YouTube,0
CyrilBelikoff,YouTube,0
tvgurl,Drake,0
susantran,YouTube,0
TrailerMedia,YouTube,0
fluffme,YouTube,0
LOVEANDLIGHT100,Usher,0
Not_POTUS_17,BillGates,0
lauromonteiro,Drake,0
RealMatSmith,YouTube,0
pearvc,BillGates,0
chadpaulbryant,YouTube,0
PrinceDouglasC,YouTube,0
TBPInvictus,YouTube,0
VictuzX,YouTube,0
blissbridalja,YouTube,0
tomwatson,Forbes,0
stephenisg33k,YouTube,0
CityNewsTO,Drake,0
MazdaPatterson,YouTube,0
iStoleYourWings,Drake,0
lnmoretti,YouTube,0
LGGuelphStorm,YouTube,0
clickflickca,Drake,0
0liviagreco,BarackObama,0
saintsfanjohnny,JohnCena,0
MystiikMoments,YouTube,0
XxNJKilla94xX,YouTube,0
jermsmit,YouTube,0
oprishkm,YouTube,0
corey_wall,YouTube,0
OCHyundai,YouTube,0
falmatrix2r,YouTube,0
haha_ah,YouTube,0
RealMatSmith,YouTube,0
HexG3_Arts,YouTube,0
joelpontes,YouTube,0
KanaAiysoublood,YouTube,0
HenriqueCRocha,YouTube,0
TrailerMedia,YouTube,0
dabourn,YouTube,0
c0nd9x,YouTube,0
zaqweTW,YouTube,0
erik_ulises,YouTube,0
noelkarl,YouTube,0
rajeev_krish,BillGates,0
wejadeit,ddlovato,0
LSMediaVe,RyanSeacrest,0
TheZwolfenstein,YouTube,0
TheLaughFactory,justinbieber,0
TrailerMedia,YouTube,0
MikeWillder,YouTube,0
dmommye2,NiallOfficial,0
MishaTalavera,BillGates,0
MishaTalavera,elonmusk,0
TEDxKlagenfurt,BillGates,0
grazibrtto,YouTube,0
ofcl7K,BillGates,0
violentsrush,CodySimpson,0
OliveiraEmerson,YouTube,0
ProdigeeTV,YouTube,0
poesreyoflight,MTV,0
poesreyoflight,ddlovato,0
Pyrao,YouTube,0
zusanito,YouTube,0
RajdeepPaulus,Oprah,0
Abril7,YouTube,0
renderplease,BillGates,0
renderplease,elonmusk,0
EonThesis,BillGates,0
northface17,TheEllenShow,0
OneGunFirearms,YouTube,0
Hank__Mardukas,jimmyfallon,0
BeStMaker,YouTube,0
janetjenkins52,BarackObama,0
SAP_Jarret,BillGates,0
Abril7,YouTube,0
FredericLavarde,BillGates,0
noelkarl,YouTube,0
mediatejack,RyanSeacrest,0
mediatejack,elonmusk,0
mediatejack,BillGates,0
nhaslup,YouTube,0
lalabas,verge,0
matthewherper,BillGates,0
Chris301Tweets,YouTube,0
HHfansite,YouTube,0
Killeen81,YouTube,0
vitweeb,YouTube,0
CassidyQuinn,BillGates,0
ItsNotTooLate7,ddlovato,0
Abril7,YouTube,0
ThierryGotWings,YouTube,0
abiiogenesis,YouTube,0
Christiewriting,YouTube,0
kalibarrett,YouTube,0
Vexacus4666,YouTube,0
MayraPurdyB,MTV,0
MayraPurdyB,ddlovato,0
MassageEnvyWA,BillGates,0
365Bristol,BillGates,0
dmbuffer,YouTube,0
jorgecrespotude,YouTube,0
TheSunx96,YouTube,0
MattyIce412,KevinHart4real,0
R_i_c_k,elonmusk,0
R_i_c_k,BillGates,0
ryankeyser,danieltosh,0
cooley945,elonmusk,0
BeachBumOceanDr,enews,0
YesImKayla,YouTube,0
brianward,verge,0
BoomStickChick,YouTube,0
cricantrail,verge,0
263Chat,verge,0
methqueenmab,BillGates,0
lholmes12,mashable,0
doug_gross,BillGates,0
adrz_crr,YouTube,0
Powify,YouTube,0
AlArabiya_Eng,BillGates,0
terryson5,YouTube,0
justresk,YouTube,0
marcsolejurado,YouTube,0
murilosouzacrf,YouTube,0
kattie125678,YouTube,0
JamesDalyLal,YouTube,0
yashwantraj,mashable,0
PattyKellicker,TIME,0
HiImSerenity,YouTube,0
MariaPauIaa,YouTube,0
StuartGamess,YouTube,0
vlb55,YouTube,0
Vilanef,YouTube,0
joshgjohnson,YouTube,0
BlueKokiri,YouTube,0
artiou,YouTube,0
EsdricoXD,YouTube,0
destiny_bolles,YouTube,0
Annggi,YouTube,0
bunyolet,YouTube,0
Carlos__Tamayo,YouTube,0
PrimProtocol,guardian,0
TheRainbowStar,YouTube,0
Sir_Productions,YouTube,0
LogiicallyLight,YouTube,0
martinsaywhat,YouTube,0
efe_kike,YouTube,0
lunsyayy,YouTube,0
2valentina22,Louis_Tomlinson,0
DannyelGamer,YouTube,0
matthews2903,YouTube,0
pxxlxmxrx,YouTube,0
NigglinWigglin,YouTube,0
Berni_Fandubs,YouTube,0
MacximusPrimus,YouTube,0
DRCRocksme,YouTube,0
kyokoM1,YouTube,0
Sara_s77,TheEllenShow,0
NuevasBrujas,YouTube,0
minatogamer2,YouTube,0
GonePlant,YouTube,0
GonePlant,YouTube,0
TheSeba_Rapper,YouTube,0
motor_ed,YouTube,0
ronaldo75791592,YouTube,0
Joannbm__,YouTube,0
Katori88,YouTube,0
rocapri,YouTube,0
jamesTWIT,YouTube,0
rafacs5,YouTube,0
motor_ed,YouTube,0
MrRacso12,YouTube,0
Don_Nico,YouTube,0
skylix09,YouTube,0
baffyscorpion,YouTube,0
GameerVinny,YouTube,0
fireflyacire,YouTube,0
yiiyiilii,YouTube,0
william1234000,YouTube,0
meendesjeh,YouTube,0
zynqs,YouTube,0
guilherme_dylan,YouTube,0
BremnerClan,YouTube,0
MoisesSoto9,YouTube,0
xlucas86x,YouTube,0
LucasFean,YouTube,0
Zumbi_Last,YouTube,0
aria_nx,YouTube,0
StayKiller_,YouTube,0
JBarrientos1,YouTube,0
PepeVeteran44,YouTube,0
sirgrumpy14,YouTube,0
sandoz82,YouTube,0
TWooDVIncominG,YouTube,0
DrizzyJeremiah,YouTube,0
NestorQuiles,YouTube,0
Adriftsnake,YouTube,0
DaSulfur,ManUtd,0
aussiejdb,Luke5SOS,0
lynn89_s,YouTube,0
Milkbox_boy,YouTube,0
tomboytommo,Luke5SOS,0
ChiakaChibeezy,YouTube,0
Myllanin,YouTube,0
luchosterponi98,YouTube,0
Gonzalo_GNFR,YouTube,0
Maico_Triaca,YouTube,0
CastorCro,YouTube,0
NestorQuiles,YouTube,0
kthousando,YouTube,0
Dont_Panic__,YouTube,0
_GonzaloPulido,YouTube,0
VitorCkt,YouTube,0
fstl,YouTube,0
DrvSk8,YouTube,0
YeMingHu,YouTube,0
dizzy425,YouTube,0
Gregwill11,YouTube,0
FenexFire,YouTube,0
Kempdaddy84,YouTube,0
Gueriguino,YouTube,0
iamjairon513,YouTube,0
MikesBrush,YouTube,0
Joao2815Joao,YouTube,0
JustinMoses2,YouTube,0
SmokeNegra,YouTube,0
Ch_Dionne,YouTube,0
Ch_Dionne,YouTube,0
DakenShadow,YouTube,0
kenobidarth,YouTube,0
NatalieMaylinX,Luke5SOS,0
Elyse_Holmes91,Luke5SOS,0
_fdslima,YouTube,0
Cicytindo,YouTube,0
mad_apostolis,YouTube,0
seb1232000,YouTube,0
knarapace,YouTube,0
MatteMeC,YouTube,0
Luka_Arambasic,YouTube,0
MCraftPVP,YouTube,0
R0bert_Gomes,YouTube,0
MerkesGamerADR,YouTube,0
LabsFeuer,YouTube,0
MrLeon211,YouTube,0
Cassius335,YouTube,0
ArnarDb,YouTube,0
COLDPLAYEOL,YouTube,0
love_belfast,YouTube,0
whiskeysadlarry,Harry_Styles,0
whiskeysadlarry,Louis_Tomlinson,0
durgui,YouTube,0
dr_maiskolben,YouTube,0
nicolas_asman,YouTube,0
jvdvs_,YouTube,0
bielgbg,YouTube,0
Ismail_Bl00,YouTube,0
Rodimchenko,YouTube,0
klelinnmar07,YouTube,0
Luka_Arambasic,YouTube,0
EnbyFish420,YouTube,0
okauezin,YouTube,0
wu_joao,YouTube,0
tthiagodomingos,YouTube,0
Dj_Moty,YouTube,0
Thewlader25,YouTube,0
alanfdoex,YouTube,0
BrGnomo,YouTube,0
nathanybr123,YouTube,0
Sweet_Beats_143,YouTube,0
edgefran63,YouTube,0
pabloroldangodi,YouTube,0
pabloroldangodi,YouTube,0
Rodimchenko,YouTube,0
Richard_9824,YouTube,0
chriscam41,YouTube,0
EnchantSniping,YouTube,0
Dorlocor_,YouTube,0
LenosOficial,YouTube,0
J_Windeyer,YouTube,0
RKOConorRKO,YouTube,0
Rodimchenko,YouTube,0
mad_apostolis,YouTube,0
gofishus,YouTube,0
Jonaaa5000,YouTube,0
carvalhobhc,YouTube,0
Abagail_Flare,YouTube,0
BrMadru,YouTube,0
DanielLeite2013,YouTube,0
deadshet1,YouTube,0
SrChurriego,YouTube,0
Allbertito_699,YouTube,0
Maya_Moore7,YouTube,0
barrosogamerX,YouTube,0
A_Singh92,YouTube,0
gustavoo_hms,YouTube,0
ilymik3,YouTube,0
NaniVicencio,YouTube,0
ItsCasualGamer,YouTube,0
RaymonRodenburg,YouTube,0
xiD7OoMe,YouTube,0
mrbaddog28,YouTube,0
javirock73,YouTube,0
gustavoo_hms,YouTube,0
rogyh34,YouTube,0
LuanPer61889671,YouTube,0
Applenoop2,YouTube,0
cortez2471,MileyCyrus,0
mehdialonsoo,YouTube,0
yamil_oyarzun,YouTube,0
EquipeCraft,YouTube,0
greenmacheene99,YouTube,0
onlybrubs_,YouTube,0
COSGUK,YouTube,0
ternacraft,YouTube,0
AgosPendasOk,BarackObama,0
Cassius335,YouTube,0
HiImSerenity,YouTube,0
AAFIRETF,YouTube,0
tonhaodaxj,YouTube,0
davidtorre15,YouTube,0
Pokinho007,YouTube,0
AmeliouseSun,YouTube,0
SebasOvalle,YouTube,0
Rosi_TPWK,YouTube,0
CraftGames7,YouTube,0
diogohe80373659,YouTube,0
Phenom33xx,YouTube,0
RoryPiper,YouTube,0
bryanalvarez,YouTube,0
MsTutozYt,YouTube,0
ZebraMolhado,YouTube,0
miikestuart,YouTube,0
davidtorre15,YouTube,0
SeanFabi,YouTube,0
Curly_Bajan,YouTube,0
makistudion,YouTube,0
Deibydperez,YouTube,0
SilasFLUMC,YouTube,0
twlghtbttrfly,TheRock,0
Tybek47,YouTube,0
SquatchZone,YouTube,0
blu3_m0x,YouTube,0
xPainx911,YouTube,0
spooftroupe,YouTube,0
peedroue,YouTube,0
KombatGames2022,YouTube,0
LinnykerSu,YouTube,0
TheItaloBr,YouTube,0
Lauroohom,YouTube,0
marcules2,YouTube,0
Urbano_Extreme,YouTube,0
LuzBANA16,YouTube,0
Viros,YouTube,0
Dewandeler,YouTube,0
DannyelGamer,YouTube,0
GamersSemNome2,YouTube,0
ElYavierDF,YouTube,0
Montoya504,BillGates,0
anab090,YouTube,0
TeamSaltarex,YouTube,0
grantestevens,YouTube,0
wilsonabula,mashable,0
ChadderManHD,YouTube,0
badcenaa,YouTube,0
maironbitencour,YouTube,0
DaviHaller,YouTube,0
radicalxry,Luke5SOS,0
radicalxry,Michael5SOS,0
555uly,YouTube,0
fagaonline,YouTube,0
NigelChapo,YouTube,0
lastplanet3,YouTube,0
BattosaiZenin,YouTube,0
broccoli_gainz,YouTube,0
GusTheGh0st,YouTube,0
IceBucketWatch,YouTube,0
wethairedlrh,Luke5SOS,0
walidmrealtor,NBA,0
victorcampelo9,YouTube,0
LenosOficial,YouTube,0
ArmandisAmazing,YouTube,0
G709,YouTube,0
MathFu,YouTube,0
juitaaa,TIME,0
pepslpz,YouTube,0
Chukyromero1,YouTube,0
RanTRhino316,YouTube,0
Borgesjoao77,YouTube,0
Charlottee1_,YouTube,0
Zoomsday,YouTube,0
Tacosssssxd,YouTube,0
flarywinkle,YouTube,0
unaiorbe13,YouTube,0
xxxavierxxx10,YouTube,0
LeoRKay8,YouTube,0
HenrriqueDe,YouTube,0
RuthMarieBain,YouTube,0
zaqweTW,YouTube,0
natacha_mino,YouTube,0
lilmissfaj,YouTube,0
LosPateaPelotas,YouTube,0
Anon__Chaos,YouTube,0
xAuzyy,YouTube,0
McDaigen,YouTube,0
arthurcracia,YouTube,0
kokemainar,YouTube,0
rhondiva2000,YouTube,0
EstepBelinda,YouTube,0
NoloCOBRALINK,YouTube,0
YolozwagerYolo,YouTube,0
CamiloGamer96,YouTube,0
Tay_Cloud,YouTube,0
danipollo99,YouTube,0
Raphael_SAL,YouTube,0
joaovaleyt,YouTube,0
Yuiko801,YouTube,0
aflara_,YouTube,0
Akumara__,YouTube,0
killahfam69,YouTube,0
I_do_dream_on,YouTube,0
GamesEnderLord,YouTube,0
pedro_meed,YouTube,0
baker2491,YouTube,0
jenjengle,TIME,0
ibrahim_sayed1,YouTube,0
Satirzinho,YouTube,0
iSmaax1,YouTube,0
thominhas_Gamer,YouTube,0
krulei_kr,YouTube,0
ibrahim_sayed1,YouTube,0
lolasworld123,YouTube,0
Jordanaward12,justinbieber,0
jairmaldonadov,YouTube,0
simonignacio8,YouTube,0
rihannawintour,lindsaylohan,0
tonhaodaxj,YouTube,0
purplezzz201X,YouTube,0
ibrahim_sayed1,YouTube,0
ibrahim_sayed1,YouTube,0
I_do_dream_on,YouTube,0
alanfdoex,YouTube,0
ibrahim_sayed1,YouTube,0
ibrahim_sayed1,YouTube,0
LinkLegendRuss,YouTube,0
lissette613,YouTube,0
ibrahim_sayed1,YouTube,0
irie88s,Forbes,0
UofTMike,Gizmodo,0
monicahillb,YouTube,0
D0ctorBl1nd,YouTube,0
Alee1897,YouTube,0
foolmonstax,YouTube,0
purplezzz201X,YouTube,0
tedlyde,YouTube,0
ibrahim_sayed1,YouTube,0
MarceloZombie,YouTube,0
SmijoskiAxel,YouTube,0
IgorAmorim77,YouTube,0
thecreepersbr,YouTube,0
arthurcracia,YouTube,0
WZNNNN,YouTube,0
gaze_cem1,YouTube,0
lucassxvr,YouTube,0
Nikooh_Cabello,YouTube,0
KevinHuntActor,YouTube,0
barria_felipe,YouTube,0
Benja_verde5,YouTube,0
CreepaKingBrian,YouTube,0
krulei_kr,YouTube,0
resquivel51,YouTube,0
AlexalozaR,YouTube,0
JuuanfraSanchez,YouTube,0
superjavi83,YouTube,0
megamaniatico,YouTube,0
Ajaygolmalgobi,mashable,0
TheAPIRIGOTAFul,YouTube,0
julissabonfante,mashable,0
Pedro_cnm,YouTube,0
Vaasilva_Games,YouTube,0
Vaasilva_Games,YouTube,0
Zurdocuma,YouTube,0
GreenArtNetwork,YouTube,0
ibrahim_sayed1,YouTube,0
pacoLooks4u,YouTube,0
StevenHavelock,YouTube,0
ibrahim_sayed1,YouTube,0
KudiyXD,YouTube,0
TheDamonRs,YouTube,0
Lizfer3D,YouTube,0
RuizAdrip,YouTube,0
ibrahim_sayed1,YouTube,0
APPlERAICING,YouTube,0
Danmajor3,YouTube,0
Thedanny590,YouTube,0
erkoes,mashable,0
luuanassauro,YouTube,0
catorresca8,YouTube,0
Paulinh0Gamer,YouTube,0
EmilyJWoods,YouTube,0
ibrahim_sayed1,YouTube,0
NumbsPalace,YouTube,0
bandloverxo,YouTube,0
Chazquilla,YouTube,0
ms_tracymanning,TIME,0
Babyy_Blaise,YouTube,0
Javier_AVM15,YouTube,0
elenajs_98,AvrilLavigne,0
beeank_m,YouTube,0
Lucas_bat98,YouTube,0
AngryTinox,YouTube,0
GOKU_gamer_x,YouTube,0
verodxd,YouTube,0
Claudia_Botero,mashable,0
GAMERHDNACHO,YouTube,0
AntoineScience,YouTube,0
ibrahim_sayed1,YouTube,0
ChewySmokey,YouTube,0
Heey_AnnaL,YouTube,0
alejand_f,YouTube,0
TDKPvP,YouTube,0
NaxoGT29,YouTube,0
CRISis73,mashable,0
Mu_dos_auau,YouTube,0
nikkoxx450G,YouTube,0
workingclass891,YouTube,0
ibrahim_sayed1,YouTube,0
uhNxZ,YouTube,0
Human_Zero___,mashable,0
InfoCommando,mashable,0
BurroughsClaire,TIME,0
Suvesha04,mashable,0
Savages_56,YouTube,0
sonofzyzz98,YouTube,0
jeanlucasBR1,YouTube,0
alexreznov45,YouTube,0
MrDoido1,YouTube,0
Mr_Enoky,YouTube,0
AdrielPlays21,YouTube,0
alejo0121,YouTube,0
sebablackk,YouTube,0
mfeldman9,RyanSeacrest,0
EmbeddedVideo,mashable,0
mashable,mashable,1
matheus__vent,YouTube,0
mfeldman9,BillGates,0
RafaaHGFX,YouTube,0
revavaluis,YouTube,0
PoderAbrahamer,YouTube,0
angiewiener,YouTube,0
Rawlings_98,YouTube,0
CharlieSquires7,YouTube,0
Awesomeman14,YouTube,0
_jwbjnwolf,YouTube,0
mfeldman9,ActuallyNPH,0
jonigiga_,YouTube,0
Yukikox3,YouTube,0
Alejo_Games,YouTube,0
pipidooor,YouTube,0
pipidooor,YouTube,0
Chusalsa,YouTube,0
Lala_Yosha,YouTube,0
lepi451,YouTube,0
desatidorpz,YouTube,0
ItzNadrox,YouTube,0
soybeanslut,KimKardashian,0
Rodrigo1635GKS,YouTube,0
lipi_craft,YouTube,0
hieu_vp02,YouTube,0
Jane_BK,TIME,0
BMoxOne,YouTube,0
MarcelinhoBox,YouTube,0
LittelBigAJ,YouTube,0
eeldiegox,YouTube,0
La_RexPP,YouTube,0
younes_008,YouTube,0
RAWFootageATL,mashable,0
LeVarThomas,mashable,0
ShaneBreen,mashable,0
AlbertBBin,mashable,0
Koniguetiua,YouTube,0
koni_gamer,YouTube,0
torjjo,YouTube,0
TheISI_XD,YouTube,0
Daisha526,YouTube,0
killerd56,mashable,0
pedroviniciuslr,YouTube,0
_SpiderNerd,YouTube,0
NProspettive,mashable,0
fincalcaterra,mashable,0
laurasorianod,mashable,0
Thankders,YouTube,0
Tneck505,YouTube,0
Lfmorin,mashable,0
YoureLickety,YouTube,0
peqitw,YouTube,0
YoureLickety,YouTube,0
LuckyDogBrands,mashable,0
TravelP0p,mashable,0
Polvoestelar_x,YouTube,0
CursoHootUNO,mashable,0
ContentXpertNet,mashable,0
KBContentWriter,mashable,0
Dunksby,YouTube,0
Viken_shrestha,mashable,0
DanDraperKC,mashable,0
realcatsan,YouTube,0
_jwbjnwolf,YouTube,0
anditttt,mashable,0
JaydipParikh,mashable,0
CaioAHBugari,YouTube,0
RanaFS_yeoja,YouTube,0
Cellbitaaa,YouTube,0
vanbiguous,TIME,0
GoriLariat,YouTube,0
MinionGatin,YouTube,0
00RedPistons00,YouTube,0
pq_pinto,YouTube,0
EricVargasB,YouTube,0
DxTery,YouTube,0
ShannonBuck_,YouTube,0
nicolastoom,YouTube,0
TigahOG,YouTube,0
AngryTinox,YouTube,0
star6wars1,YouTube,0
eduardogeorge13,YouTube,0
lucii9828,YouTube,0
APPlERAICING,YouTube,0
toniartigas,YouTube,0
Real_XCWS_Boss,YouTube,0
francescocipo12,YouTube,0
IamPamellaa,YouTube,0
RapeCrewYT,YouTube,0
FilippoNiglia5,YouTube,0
FilippoNiglia5,YouTube,0
Kabumextreme,YouTube,0
FilippoNiglia5,YouTube,0
Cainho2001Caio,YouTube,0
Danmajor3,YouTube,0
GirlGlitcher,YouTube,0
diogohe80373659,YouTube,0
MakeupCityPop,YouTube,0
AriVlogs,YouTube,0
DarkHektor2,YouTube,0
cpfrann,YouTube,0
c_karlangas,YouTube,0
jesseglenn8,YouTube,0
vitorhugomarqu7,YouTube,0
AlexKazama10,YouTube,0
LuperGamer,YouTube,0
_fraangomes,YouTube,0
Freitas_69_,YouTube,0
Official_KRB,YouTube,0
JessicaMasso,YouTube,0
VicenteRosasR,YouTube,0
Widos5,YouTube,0
KobzarR,YouTube,0
EduKof,YouTube,0
democles45,YouTube,0
Batatudosz,YouTube,0
Batatudosz,YouTube,0
_RBelenn,YouTube,0
ElliComUa,YouTube,0
gir24,YouTube,0
TheAnseriusFk,YouTube,0
Elibuuth,YouTube,0
_senpaiali,YouTube,0
corndog9291,YouTube,0
XxCDawg713xX,YouTube,0
uRelogzin,YouTube,0
erichhiro,YouTube,0
The_Zyrophobia,YouTube,0
maplsois,YouTube,0
farmer_bart,BillClinton,0
farmer_bart,HillaryClinton,0
farmer_bart,BarackObama,0
KingJoaqo23,YouTube,0
isacavalcantt,Luke5SOS,0
yeisonaraya1,YouTube,0
Waddledeekiller,YouTube,0
IvanLuzanMusic,YouTube,0
Brookpines,YouTube,0
MixedinLee,YouTube,0
Equinox_Knight,YouTube,0
Mikimolina27,YouTube,0
amaldojnr,YouTube,0
TheBatchBugle,TIME,0
goodentree,YouTube,0
KaraCoreyFit,YouTube,0
Falkas_YT,YouTube,0
JfmDuarte,YouTube,0
joao_dudd,YouTube,0
KlysmanCostaYT,YouTube,0
ElTioDelGol,YouTube,0
UllmannIuri,YouTube,0
viri_lunaa,YouTube,0
slowacid21,YouTube,0
yasminadaus,YouTube,0
TerryHodgkinson,YouTube,0
RamiroG04,TIME,0
lemiVan8,YouTube,0
TheBotcario,YouTube,0
_PedrooF_,YouTube,0
raven_rzgar,YouTube,0
the_rers,YouTube,0
kikoses,YouTube,0
Calleucano,YouTube,0
pacharave,YouTube,0
nam5580,YouTube,0
milkovicxhs,YouTube,0
Its6pri1,YouTube,0
RamsdenMike,YouTube,0
SixJana,YouTube,0
eckolarabia,YouTube,0
WlassM,YouTube,0
thenecrocoffe,YouTube,0
digitrio,YouTube,0
HelloImLah,YouTube,0
Belle_reine24,TIME,0
Alejandrogo_o,YouTube,0
huevitococo,YouTube,0
elmena_89,YouTube,0
INJCTION,YouTube,0
eriese_,YouTube,0
SarahCodyMedia,taylorswift13,0
littlepsyyycho,YouTube,0
ElizaOliver_,YouTube,0
ChrisSykes108,TIME,0
pablito_conflow,YouTube,0
hieu_vp02,YouTube,0
Kiaaam,YouTube,0
vinicinotti,YouTube,0
furi22,TIME,0
Official_KRB,YouTube,0
jayman16,YouTube,0
umbreonmary89,YouTube,0
Maurixtone,YouTube,0
juanriverasilva,YouTube,0
Jose_Z1212,YouTube,0
Jose_Z1212,YouTube,0
rhysstockss,YouTube,0
TheAnseriusFk,YouTube,0
bcmarti,YouTube,0
MGrasermc,YouTube,0
el_SHAMARI,Arsenal,0
Berso420,YouTube,0
SasukeFMS123,YouTube,0
umbreonmary89,YouTube,0
SasukeFMS123,YouTube,0
PedroMesquita__,YouTube,0
whosursenpai,YouTube,0
Lisamg31,YouTube,0
Peluhca,YouTube,0
Fc_Do_Spok,YouTube,0
matiaxxTY,YouTube,0
juanxittoplayer,YouTube,0
Mat_Procopio,YouTube,0
fyoravante,YouTube,0
luizgus92199715,YouTube,0
BlessedFMG,YouTube,0
Speecha_J,YouTube,0
Jose_Z1212,YouTube,0
MDMondays,BarackObama,0
SirCowHD,YouTube,0
SirCowHD,YouTube,0
Jose_Z1212,YouTube,0
KingsOfD,YouTube,0
pecuariadobem,YouTube,0
IMFR3KE,YouTube,0
ronaldhsilva,YouTube,0
JoseOrtiz824,YouTube,0
GaabrielPlays_,YouTube,0
Tunim1,YouTube,0
dre91s,YouTube,0
malrramirez,YouTube,0
ExDweller,YouTube,0
cherepnyov,YouTube,0
utahshaun,YouTube,0
NxChar,YouTube,0
polerix,YouTube,0
sebax136YT,YouTube,0
SergioGlez15,YouTube,0
TaeminLeeiLy,YouTube,0
BuggSplatt,YouTube,0
TaeminLeeiLy,YouTube,0
gionnistar,YouTube,0
micheboox,YouTube,0
Jano_Dark7,YouTube,0
NozomiYu99,YouTube,0
Space_igor,YouTube,0
AreiaMarombada,YouTube,0
MrDonRyuk,YouTube,0
Drink113,YouTube,0
mounir_gharbia,YouTube,0
MisterPablus,YouTube,0
Rafael_Seiti,YouTube,0
FunkyNasaCat,YouTube,0
BuggSplatt,YouTube,0
dougsoa,YouTube,0
houpp_,YouTube,0
TheRealMjeed,YouTube,0
NewHoughtonTeam,YouTube,0
lightnuevomundo,YouTube,0
dewstieI,YouTube,0
LetsPlayGaming4,YouTube,0
Daisha526,YouTube,0
ItsDraker_,YouTube,0
Louback99,YouTube,0
Mr_C_Nobrega,YouTube,0
maycklense,YouTube,0
Carolzepam,YouTube,0
officiallekz,YouTube,0
FaelVitor22,YouTube,0
luizgabrielsp,YouTube,0
MadonnaLoveDale,YouTube,0
xLucasPS,YouTube,0
ElementalGamer0,YouTube,0
klerte,YouTube,0
alffbooks,YouTube,0
Tavish_Fokum,YouTube,0
Burjl14,YouTube,0
chapollo12,YouTube,0
MunjarDragon,YouTube,0
jdfgbrazil,YouTube,0
gilbertoscheib,YouTube,0
GilmarGnast,YouTube,0
TomWilkinson111,YouTube,0
VdVctor,YouTube,0
GoggsyNineNine,YouTube,0
YonatanSv,YouTube,0
Destoryer_Max73,YouTube,0
Francis_NoeLM0,YouTube,0
juanzavaleta,YouTube,0
TIME,TIME,1
takememuse,Beyonce,0
Ruan_Carlos_s,YouTube,0
Isita_1D,YouTube,0
ErokawaH3nta1,YouTube,0
Jaavii_vk,YouTube,0
DanFel_Otk,YouTube,0
EricBeato,Arsenal,0
niklas308,YouTube,0
jimurbanHRT,YouTube,0
One_islandchic,YouTube,0
wreckingball0,YouTube,0
Doritex01,YouTube,0
XanderGamer,YouTube,0
GamePlayHenriq,YouTube,0
Balrog_CSGO,YouTube,0
Lavishka,YouTube,0
Kuzkopyb22,YouTube,0
Beatarix,YouTube,0
ndrnavarrete,YouTube,0
MaryinVancity,YouTube,0
OnyxDeathwing,YouTube,0
GuuhcostaSilva,YouTube,0
antonionet30,YouTube,0
OKiingLeaoDZN,YouTube,0
dan18_br,YouTube,0
_Akkaa_rubio,YouTube,0
tipsique,YouTube,0
moOnster_98,YouTube,0
moOnster_98,YouTube,0
Vidyevideos,YouTube,0
odogoso,YouTube,0
Lavishka,YouTube,0
GiulianoPresta1,YouTube,0
rainer_sk8,YouTube,0
PookyJackson,YouTube,0
VillalbaCamilo,YouTube,0
mtswbr,YouTube,0
maza_miii_20,YouTube,0
Lavishka,YouTube,0
_Deiutsu_,YouTube,0
CCIrishFan,ddlovato,0
Ewertonn99,YouTube,0
SergioJimenezBe,YouTube,0
DjDarknessYT,YouTube,0
EmoSuicidBlood,YouTube,0
Tessieeh,YouTube,0
Tessieeh,YouTube,0
Burjl14,YouTube,0
Fc_chumador,YouTube,0
BlkWolfSuarez,YouTube,0
ZombiGFX,YouTube,0
Snowwolf1_,YouTube,0
sandromonteir12,YouTube,0
wtfcaixos,YouTube,0
BlkWolfSuarez,YouTube,0
andreminator35,YouTube,0
BlazinAceNelson,YouTube,0
fivemusices,YouTube,0
CaptaainBlaster,YouTube,0
TehPulz,YouTube,0
breninyy,YouTube,0
enzogcapelari,YouTube,0
CaynanPereira,YouTube,0
Opimaker,YouTube,0
Vitor121GCXD,YouTube,0
MunjarDragon,YouTube,0
GDoblador,YouTube,0
Jimbo80314,YouTube,0
OliverBerlin92,YouTube,0
ByElevated,YouTube,0
TutaGamerBR,YouTube,0
bretra88,YouTube,0
AGentleSipOfTea,YouTube,0
WeslleyZueiro,YouTube,0
_KPOWERS,YouTube,0
carlos38campos,YouTube,0
AndrewPAnderson,YouTube,0
ManonASULvolley,YouTube,0
_thiagoaf,YouTube,0
bayleetempest,YouTube,0
Gabriel63249568,YouTube,0
theoliviajadee,zaynmalik,0
elliettekirby,Beyonce,0
TiagoBlader,YouTube,0
missminecraft1,YouTube,0
ElCharly032,YouTube,0
Firedsg5,YouTube,0
PhenozRL,YouTube,0
iBlackfoxx,YouTube,0
alvaroayerbee,YouTube,0
Reidosgame2,YouTube,0
l_a_i_yasmin,YouTube,0
RegisHeeralal,YouTube,0
austinbon,YouTube,0
Luccatuc,YouTube,0
m3shadow,YouTube,0
m3shadow,YouTube,0
Sebastians2795,YouTube,0
BrentHalstead,YouTube,0
sk8artom,YouTube,0
_Vlad29,YouTube,0
Rickywinterborn,YouTube,0
gordas_4ever,YouTube,0
Zarkeen,YouTube,0
LumityCanon4131,YouTube,0
karliizAlvarado,YouTube,0
LordBloodRah,YouTube,0
Aleebobb,YouTube,0
coso_18,YouTube,0
Aleebobb,YouTube,0
CODStyLeHDs,YouTube,0
hoosiercub,YouTube,0
sapphirexblue,YouTube,0
elayadgd,YouTube,0
omzrt,YouTube,0
Mapoguerrero,YouTube,0
GuayaSilver,YouTube,0
ilhanhacerbabul,YouTube,0
_LadyLima_,YouTube,0
ilhanhacerbabul,YouTube,0
Vybenico,YouTube,0
zombieparish123,YouTube,0
etsuko_chiba,YouTube,0
SoulCole,YouTube,0
Baby_Doll_3,YouTube,0
TunisiaYanni,YouTube,0
Mapoguerrero,YouTube,0
madeedoodle,ashleytisdale,0
lorenatechlaw,Forbes,0
nnidoriya,YouTube,0
melaniemargari1,YouTube,0
QueNotaRevista,KimKardashian,0
HidalgoCounty,YouTube,0
Sweet_lLovee,YouTube,0
Sweet_lLovee,YouTube,0
ticklespark,YouTube,0
Tatrix14,YouTube,0
PinkiePiePartie,YouTube,0
phantom_Alpha_,YouTube,0
Rain_Corpse,YouTube,0
MelindaHig82,YouTube,0
ShortlifeFE,YouTube,0
Mijhailmr,YouTube,0
BrandiBalls,YouTube,0
AnimalCnl,YouTube,0
Faqtutorialespc,YouTube,0
megamenopa,YouTube,0
TheSavannaLady,YouTube,0
Faqtutorialespc,YouTube,0
Annizgz,YouTube,0
Sergio_Leo_Cor,YouTube,0
INTiguim,YouTube,0
Annizgz,YouTube,0
Annizgz,YouTube,0
ckiliusmen,YouTube,0
hiroPa6226,YouTube,0
snapdragon9508,YouTube,0
joseNunezAlva,YouTube,0
LawlietSec,YouTube,0
Roman_Martinezx,YouTube,0
biel_dtgt,YouTube,0
fetrizalo,YouTube,0
PeshiFilous,YouTube,0
fetrizalo,YouTube,0
jadovran,YouTube,0
fetrizalo,YouTube,0
ProbablyYuuko,YouTube,0
reallybluej,YouTube,0
megamenopa,YouTube,0
MarianoMarco3,YouTube,0
megamenopa,YouTube,0
TI829,YouTube,0
ArturoLeal94,YouTube,0
RicoSergio,YouTube,0
julipolomolo,YouTube,0
Kelian__47,YouTube,0
luciano_moles,BillGates,0
raulmix77,YouTube,0
KevinSwan_,jimmyfallon,0
Its_MrLuc_ToYou,YouTube,0
djknowz,YouTube,0
A_Life_Story_,jimmyfallon,0
thenarcolepsist,YouTube,0
CinzixReloaded,YouTube,0
T0MH0LL,YouTube,0
PonyBronieman,YouTube,0
NETO_GAMER_2003,YouTube,0
turbinadogames,YouTube,0
Domen0mine,YouTube,0
JuLuXRock,YouTube,0
lsotniel,YouTube,0
yeanose,YouTube,0
GermainUp,YouTube,0
YBGB_Institute,Forbes,0
Pietrogr1812,YouTube,0
nerd_craft5,YouTube,0
DJThanos0,YouTube,0
bunnyharibox,YouTube,0
BrigadePizza,YouTube,0
theycallmedoge,YouTube,0
semih_800,YouTube,0
berig_,YouTube,0
colinmasson,BillGates,0
AKAPekx,YouTube,0
PRIDEVIBES,YouTube,0
DackallArts,YouTube,0
OfficialLete,YouTube,0
Rondinii,YouTube,0
EnterTheMattrix,YouTube,0
geminidaisy,WSJ,0
86Madsen,YouTube,0
DraagonDance,YouTube,0
Die_Moya,Forbes,0
artinte22,YouTube,0
artinte22,YouTube,0
ChurayMarusya,YouTube,0
CKarimi,YouTube,0
angierdz281,YouTube,0
brianwtucker,Forbes,0
JK_Gaming231,YouTube,0
Girlongirlmvp,YouTube,0
Murilo_Shion,YouTube,0
eddieespo,BillGates,0
twilalla,YouTube,0
twilalla,YouTube,0
Girlongirlmvp,YouTube,0
GoofGregg,YouTube,0
luizgus_tavo,YouTube,0
BramdonLG,YouTube,0
MeatyFace,YouTube,0
LoveChildSamee,YouTube,0
PetruskaWTF,YouTube,0
IzzievsIzzy,Forbes,0
Montwo219,YouTube,0
alisonjohnson77,YouTube,0
kidney_doctor,Forbes,0
BrendaCrias,YouTube,0
NewsMixtapes,YouTube,0
chinchu_rifa,YouTube,0
Akune_Niives,YouTube,0
ivan_love_baske,YouTube,0
XeeXuu_Campers,YouTube,0
QwikbearR6,YouTube,0
williamsb1994,Forbes,0
system_hug,YouTube,0
AnnaHall92,YouTube,0
SportsTechieNET,BillGates,0
KingLeesh,Forbes,0
ADudeNamdManny,Forbes,0
GiovanniCodiann,YouTube,0
AndrewAnti,Forbes,0
AyumiOficiall,YouTube,0
cadl0,YouTube,0
sergey19711,YouTube,0
hisanther,YouTube,0
MKLCaicedo,YouTube,0
MagnumGamesTV,YouTube,0
peeessshhh,Forbes,0
2001Bellako,YouTube,0
Shiinzy8,YouTube,0
gteissier,Forbes,0
Forbes,Forbes,1
gabriel563,YouTube,0
kylie_slafter,ConanOBrien,0
Tiki_Guy,YouTube,0
mosabaan,YouTube,0
BruceLesley,Twitter,0
CdLfOx_306,YouTube,0
mosabaan,YouTube,0
Moni1805198812,YouTube,0
Ayronn72,YouTube,0
PavloTeliuk,YouTube,0
lego_7373,YouTube,0
ElCubiko,YouTube,0
m_eberlupe,YouTube,0
Origin_Crxss,YouTube,0
MageeNews,YouTube,0
CrazyCreeperBR,YouTube,0
AretiK6,YouTube,0
LaAndyJackson,YouTube,0
SanchezJalil,YouTube,0
Ilena_Love_SM,YouTube,0
HumanSafari,YouTube,0
Amzu_,YouTube,0
top40gordy,YouTube,0
MNA4EVER_1D,zaynmalik,0
Valborrn,YouTube,0
martin1morales,YouTube,0
mrtheneox,YouTube,0
justwac9,YouTube,0
doneisbettertp,YouTube,0
Awesomeman14,YouTube,0
ChiaraGrispo,YouTube,0
Fandomgeek1989,YouTube,0
Awesomeman14,YouTube,0
DemCannonBosses,YouTube,0
eagle2angel1234,YouTube,0
eagle2angel1234,YouTube,0
Shixby,YouTube,0
Robydemarzi,YouTube,0
justwac9,YouTube,0
TuGuiaEnEventos,ladygaga,0
TuGuiaEnEventos,rihanna,0
TuGuiaEnEventos,davidguetta,0
TuGuiaEnEventos,JLo,0
ferropiposo,YouTube,0
peyo18,YouTube,0
Napasport,YouTube,0
RemyGamer,YouTube,0
wayneschutte,BarackObama,0
SquashySquash,YouTube,0
SquashySquash,YouTube,0
SkulleD42,YouTube,0
Rosannasfriend,YouTube,0
TuGuiaEnEventos,AlejandroSanz,0
TuGuiaEnEventos,ricky_martin,0
TuGuiaEnEventos,pitbull,0
JaydeeyMinaj,NICKIMINAJ,0
Niiiniis96,YouTube,0
TuGuiaEnEventos,shakira,0
emilianoperaz,YouTube,0
TheRaymondGroup,YouTube,0
ElrufolfOMG,YouTube,0
SamFarmer2,YouTube,0
HeromexYT,YouTube,0
Braian_nahuel_,YouTube,0
danieljara_00,YouTube,0
EHTown_manager,YouTube,0
Braian_nahuel_,YouTube,0
2technodweebs99,YouTube,0
henrik4124,YouTube,0
ivan_love_baske,YouTube,0
AlexSigvaldi,YouTube,0
arduinoprojectn,YouTube,0
__sassenach,YouTube,0
Boriisiado,YouTube,0
LegaLees,YouTube,0
TaiBure,YouTube,0
nuEvatoZik,YouTube,0
TheCrezinyer,YouTube,0
juan_keane,YouTube,0
MuhammadSayfull,YouTube,0
Braian_nahuel_,YouTube,0
matheusrpoa,YouTube,0
darkdosboys,YouTube,0
Dmitry_Official,YouTube,0
LVK226,YouTube,0
Moon1893,YouTube,0
SirCowHD,YouTube,0
SirCowHD,YouTube,0
NeoLionBD,YouTube,0
Shailin_Ace,YouTube,0
carloztech,YouTube,0
IlKano93,YouTube,0
CoolAndrews,YouTube,0
d0nDrapr,YouTube,0
TheDutchDetail,YouTube,0
LuigiGamingLp,YouTube,0
jhviedofav,YouTube,0
TarcaSimone,YouTube,0
lewismbruno,WSJ,0
perdicou3,YouTube,0
josuemedrano91,YouTube,0
Calcagno_Mario,YouTube,0
Jose_Kase,YouTube,0
GraceNightmare,YouTube,0
gratiekatie86,TheRock,0
arxos666,YouTube,0
nataliemartez,YouTube,0
Freezymvp,YouTube,0
angelinamort1,YouTube,0
NachoPajin,YouTube,0
GabrielVaz1404,YouTube,0
verlo44,YouTube,0
JoKeRGamer5,YouTube,0
arxos666,YouTube,0
LOLOTEX1,YouTube,0
gonnssi,YouTube,0
CFBocconi,YouTube,0
its_alux,YouTube,0
Artyoooooom,YouTube,0
aNuBreedStudios,mashable,0
pirmax,YouTube,0
barbstainbrook,YouTube,0
FXE4065,YouTube,0
Burjl14,YouTube,0
Foxy_Master,YouTube,0
gabrieloabreuu,YouTube,0
MHEDAOffice,YouTube,0
cKallare,YouTube,0
ElmatadorGAME,YouTube,0
FrickinPope,YouTube,0
Julien38626557,YouTube,0
vdv_Patrick,YouTube,0
Blemee5915823,YouTube,0
XGusti,YouTube,0
LowKeyBadger,YouTube,0
iTzLuckOG,YouTube,0
VetalPedan,YouTube,0
Voynin,YouTube,0
Luiss__Flores,YouTube,0
CatherinGamerPr,YouTube,0
Voynin,YouTube,0
LegaLees,YouTube,0
RonJammin,YouTube,0
Makes_MS,YouTube,0
RosiMacedo,YouTube,0
bangaar,YouTube,0
RonJammin,YouTube,0
tvister90,YouTube,0
Alego32,YouTube,0
muobarak4,YouTube,0
BetoCasanovaMtZ,YouTube,0
whippy_366,YouTube,0
mely_bkn,YouTube,0
reporta145,YouTube,0
chepurna_a,YouTube,0
Ditoady_,YouTube,0
xxskielxx22,YouTube,0
WardClayton,YouTube,0
anibalgalvezg,YouTube,0
caz___,YouTube,0
Alan_Succurro,YouTube,0
elbutsatsavito,YouTube,0
thomaslippold2,YouTube,0
ponfius,verge,0
kayels,YouTube,0
AleoGFX,YouTube,0
kingofpvp69,YouTube,0
ElBrayanPlay,YouTube,0
AlexHalconTV,YouTube,0
psnnike156,YouTube,0
AlexGL1608,YouTube,0
psnnike156,YouTube,0
ahmed_tataha,YouTube,0
Samudio507,YouTube,0
alldagayshit,YouTube,0
Gjulca,YouTube,0
KevinGamer043YT,YouTube,0
MilaahPessoa,YouTube,0
CFBocconi,YouTube,0
ajm5999,YouTube,0
codewordshorty,YouTube,0
Partenufficio,YouTube,0
JSniderman,YouTube,0
JoeAlky,YouTube,0
MilaahPessoa,YouTube,0
MilaahPessoa,YouTube,0
MilaahPessoa,YouTube,0
Camster512,YouTube,0
NexenGroup,YouTube,0
LosPlayersBr,YouTube,0
KlimusGM,YouTube,0
SoulsBlaKkDream,YouTube,0
chrislife345,YouTube,0
_MGMSU_,YouTube,0
luismanueltea,thalia,0
EnglishSeptic,mashable,0
eck0ytd,YouTube,0
eck0ytd,YouTube,0
Rikku211,YouTube,0
Rikku211,YouTube,0
LosPlayersBr,YouTube,0
Vaniak87,YouTube,0
playAGS,YouTube,0
LosPlayersBr,YouTube,0
Vaniak87,YouTube,0
laica025,YouTube,0
Vaniak87,YouTube,0
CristhianCabree,YouTube,0
PunjabiGallery,YouTube,0
KathyAvila15,YouTube,0
SlovakiaGameTv,YouTube,0
xSwapper,YouTube,0
airportroad,YouTube,0
iVanityGamer,YouTube,0
Perturasoh,YouTube,0
George_Benev,YouTube,0
CAA,YouTube,0
col_morada,YouTube,0
LegaLees,YouTube,0
moy_xp,YouTube,0
djkastle,verge,0
ceaiv,BillGates,0
DiorCherie88,verge,0
SlashCatTo,YouTube,0
verge,verge,1
papaya16617,YouTube,0
_screamauMty,YouTube,0
valter_dj,YouTube,0
lautaroxgamesSK,YouTube,0
BillFromShekhar,YouTube,0
DavidRoldanCano,YouTube,0
joseNunezAlva,YouTube,0
Ironwillru,YouTube,0
MilesVLT,YouTube,0
Interplas,YouTube,0
Lelasnail,YouTube,0
TraxxLift,YouTube,0
Guistark98,YouTube,0
VincentsGang,YouTube,0
TheMandeep32,YouTube,0
vernsauc2,YouTube,0
lorinlewis23,YouTube,0
benchez,YouTube,0
VincentsGang,YouTube,0
dkull1234,YouTube,0
Rosifengtang,Louis_Tomlinson,0
Guistark98,YouTube,0
manuelsanoja2,YouTube,0
_worgenn_,YouTube,0
fermorenoku,YouTube,0
copleyraff,nytimes,0
Mistyc_Enderman,YouTube,0
katica666,YouTube,0
kleinerbenavide,YouTube,0
AlexanderQA97,YouTube,0
AlexanderQA97,YouTube,0
Darwin_Jllo,YouTube,0
ItsOnlyTess,YouTube,0
MartinXB3,YouTube,0
Bazonka,YouTube,0
MartinXB3,YouTube,0
filipenckolizck,YouTube,0
PRIDEVIBES,YouTube,0
AMusicfriends,YouTube,0
_innusya_,YouTube,0
AggressiveComix,YouTube,0
PMeimetis,AvrilLavigne,0
andreuraya1999,YouTube,0
Jedsadakorn10,YouTube,0
neilsmith132,YouTube,0
arcadiagamecafe,YouTube,0
STEFGroup,YouTube,0
maicon20142013,YouTube,0
TheSmokerYT,YouTube,0
AlessandroCozz2,YouTube,0
roxorproduction,YouTube,0
Ethanxb1506,YouTube,0
PhillTheHero,YouTube,0
SergioArcienega,YouTube,0
Sasha_Velo,YouTube,0
victor8a17,YouTube,0
BrolyKaOs,YouTube,0
HforHR,Forbes,0
detec365veo7,YouTube,0
bruno_lpez,YouTube,0
Hombrelacasito,YouTube,0
Hombrelacasito,YouTube,0
Ikarossan18,YouTube,0
daniimmonteiro,YouTube,0
waelkfoury_FC,YouTube,0
AllyDommu,HarvardBiz,0
ThaliaBello_,YouTube,0
katstreasure,YouTube,0
Boilermakers237,YouTube,0
Nude_Devil,YouTube,0
vdorogobid,YouTube,0
GieniusIT,YouTube,0
SnoopInf,YouTube,0
alsadvocacy,NBCNews,0
vivalachele,YouTube,0
ABenoehr,YouTube,0
KarishaDream,YouTube,0
Nude_Devil,YouTube,0
relationshjt,YouTube,0
CoetzerRudolph,YouTube,0
Sarcinelli86,YouTube,0
ylaetf,Forbes,0
stephenjamesne1,YouTube,0
originaltroll99,YouTube,0
OscarIniesta7,YouTube,0
RoyDavis33,richardbranson,0
stefanito18,YouTube,0
Mr_Hypocrites,MedvedevRussia,0
drewpanda94,YouTube,0
xxdaxter59xx,YouTube,0
iamohsoparadise,NBA,0
DakenShadow,YouTube,0
PazzaXilMakeUp1,YouTube,0
vegetin14,YouTube,0
LofiraMS,YouTube,0
MisterPR,CBSNews,0
stefanito18,YouTube,0
YBGB_Institute,Forbes,0
aimeepicchi,CBSNews,0
that1kidsfri3nd,YouTube,0
annaivanova155,YouTube,0
jacquattack,YouTube,0
BurningFridgeCh,YouTube,0
nxtstop1,WHO,0
davidmoralcurco,YouTube,0
sgaizka,YouTube,0
_strategie,YouTube,0
febealfreda,YouTube,0
_rosseforP,YouTube,0
AWEX_Belgium,YouTube,0
gloryofhair,YouTube,0
somuchtofangirl,YouTube,0
embirba,FastCompany,0
Graf_Kirill,YouTube,0
CineMontaj,YouTube,0
Baymax2point0,YouTube,0
J_Uchuvatova,YouTube,0
GiacomobBoscolo,YouTube,0
sharai_guzman,YouTube,0
smilingzebra,YouTube,0
CBSNews,CBSNews,1
Shdez028,YouTube,0
jaroslavs03,YouTube,0
lania69,YouTube,0
Robertanews,CBSNews,0
AboutPrillvers,YouTube,0
kobaChannel,YouTube,0
PcDxLighT,YouTube,0
RobiRobertsYT,YouTube,0
2OLDGUYSHOW,YouTube,0
05Adonys,YouTube,0
Srt_Petirroja,YouTube,0
TeenBuzzRadio,YouTube,0
XSSAAS86,YouTube,0
JMR7418,YouTube,0
HelenDoron,YouTube,0
RojasCAlejandro,YouTube,0
_jayly,YouTube,0
McSwarekEndgame,YouTube,0
Online_Ranga,YouTube,0
ecicuendez,YouTube,0
McSwarekEndgame,YouTube,0
UKCarbrokers,YouTube,0
CheekyNans,YouTube,0
RINGOBOOMER,YouTube,0
EPDAndres,YouTube,0
VA_Gallery,YouTube,0
triads_,YouTube,0
TVMeowTV,YouTube,0
michailakezia,YouTube,0
MyxaSasha,YouTube,0
chandler_colin,YouTube,0
Orkhan0,YouTube,0
VovaSukhobrus,YouTube,0
altexmedia_art,YouTube,0
hmtvnewslive,YouTube,0
iiVeNoMZzXx,YouTube,0
AuthorTLGray,YouTube,0
matthiasp78,YouTube,0
matthiasp78,YouTube,0
Lobomacj,YouTube,0
adrimedra,YouTube,0
ceeliapc,zaynmalik,0
IvMulandi,YouTube,0
IvMulandi,YouTube,0
cucharadademiel,zaynmalik,0
m_v_22,guardian,0
SkillTwins,YouTube,0
sam_pedrosa,YouTube,0
MrFroZzi,YouTube,0
sam_pedrosa,YouTube,0
Cristian_TG90,YouTube,0
zarabethrobnett,YouTube,0
MyxaSasha,YouTube,0
zarabethrobnett,YouTube,0
ThinkAboutC,mashable,0
CarolynBrinkman,YouTube,0
CarolynBrinkman,YouTube,0
CarolynBrinkman,YouTube,0
CarolynBrinkman,YouTube,0
MyxaSasha,YouTube,0
CarolynBrinkman,YouTube,0
BioEdenAdria,YouTube,0
Love_McLean,YouTube,0
danyst0302,YouTube,0
thomasbusou,YouTube,0
thomasbusou,YouTube,0
demiexplict,YouTube,0
MxttM8,YouTube,0
julianfranco_30,YouTube,0
iTiGalaxy_,YouTube,0
Ludwigman24,YouTube,0
Zerquix18,YouTube,0
ericpthomas,YouTube,0
BlueEyes213425,YouTube,0
Taayser,YouTube,0
NicolasSerial,YouTube,0
BerrisSmith,YouTube,0
Richie_OSx9,YouTube,0
BigDissapointed,YouTube,0
Newtons_Muse,YouTube,0
VictoriaSobocki,YouTube,0
Billybobprice75,YouTube,0
PickAx_Preacher,YouTube,0
ExileDark17,YouTube,0
jpnolomgo,YouTube,0
EliaGinepro,YouTube,0
79885697,YouTube,0
Crazy4Rossdale,YouTube,0
EzequielVella,YouTube,0
diego_martnezz,YouTube,0
EzequielVella,YouTube,0
NoobNTroll,YouTube,0
SolutionsDeals,YouTube,0
RafatMustafa_,YouTube,0
BarillaCareers,YouTube,0
PodTheme,YouTube,0
Benj5754,YouTube,0
RayHenriq,YouTube,0
dionisiocrfs,YouTube,0
Oci0s0,YouTube,0
Oci0s0,YouTube,0
StalkerbitchYT,YouTube,0
Benj5754,YouTube,0
Extaze14,YouTube,0
Benj5754,YouTube,0
Epic399,YouTube,0
LoveWorld1970,iansomerhalder,0
ShirleeAlicia,YouTube,0
bpog01,YouTube,0
TrueTriz,YouTube,0
_thendofallhope,YouTube,0
effebratz,YouTube,0
SethOfJoker,YouTube,0
WAVE__1,YouTube,0
jomeviXx,YouTube,0
ClearScopeMedia,YouTube,0
snowmalec,NiallOfficial,0
platanogamer91,YouTube,0
Dugles_Mods,YouTube,0
vivoperlukey,YouTube,0
mrpford,RealHughJackman,0
Julius_Knight,YouTube,0
PilarIberica,YouTube,0
K3chocolate,YouTube,0
CybergamesTm,YouTube,0
JustJardi,YouTube,0
Rihsus_Christ,rihanna,0
7omG,YouTube,0
RafaPardo2016,YouTube,0
realluigidude,YouTube,0
lupiitalovatic,YouTube,0
goldenninja991,YouTube,0
WEcsGive,YouTube,0
henfolds5,YouTube,0
TheCableGod,YouTube,0
salma_bahramy,mashable,0
Afi270,YouTube,0
Ayn_Wye,YouTube,0
YA3BD,YouTube,0
brenlevydaniel,YouTube,0
hirataerick,YouTube,0
VictorGuadaline,YouTube,0
WillMason2021,YouTube,0
mrchrishuntley,mashable,0
Nani_4eva,YouTube,0
lucypoland27,YouTube,0
CaptureKillsYT,YouTube,0
Theodoros71,YouTube,0
ericamelia,mashable,0
SawlowmayLUNA,YouTube,0
obilon,YouTube,0
farzzz00,YouTube,0
TOPFLIGHT_kz,YouTube,0
KMOCJacobs808,YouTube,0
ITSMISSRHONDA,YouTube,0
itsKuba_,YouTube,0
37mikaela,YouTube,0
skiercwf,BarackObama,0
radiosushifm,YouTube,0
andreuraya1999,YouTube,0
iamohsoparadise,NBA,0
TwiJonas,YouTube,0
dsantos2307,YouTube,0
OwenWebster16,YouTube,0
artiu_sofya,YouTube,0
hsvnils,YouTube,0
amradiogal,mashable,0
sbrigider,YouTube,0
_alfrexia,YouTube,0
44Rampa,YouTube,0
mattsmith251100,YouTube,0
BruceBell,YouTube,0
KidmarcusMarcus,YouTube,0
KathleenValeri0,YouTube,0
Erdinc0755,YouTube,0
xPoWerUPx,YouTube,0
Kylo__Renn,YouTube,0
NaomiCamacho99,YouTube,0
MaryVeron33,thalia,0
markulych,YouTube,0
Elisa_ai,YouTube,0
pEdRoFeRoIzz,YouTube,0
Nelkitten,YouTube,0
elronxenu,rickygervais,0
elronxenu,RealHughJackman,0
msVhia,YouTube,0
WAlashbal,YouTube,0
TitoElectroTrol,YouTube,0
GMFORSDIS68,YouTube,0
andreatrade,YouTube,0
Hanna_B1D,Harry_Styles,0
Hanna_B1D,zaynmalik,0
Hanna_B1D,Louis_Tomlinson,0
NintendoMarioTw,YouTube,0
mattisaac,YouTube,0
ashupatil1234,BillGates,0
AnnyPaladium,YouTube,0
247miami,YouTube,0
xtian2,YouTube,0
RominaRusher,YouTube,0
ImMatureBatman,YouTube,0
RajatKundu0,YouTube,0
ImMatureBatman,YouTube,0
taro_inrn,YouTube,0
Subemasa_MCMCS,YouTube,0
_Brt_Marine,YouTube,0
Dave13337,YouTube,0
azerb86,YouTube,0
1ASenEHPAD,YouTube,0
peerco1,YouTube,0
Pearleejam,YouTube,0
NoahNWD,YouTube,0
NoahNWD,YouTube,0
sara__alv,YouTube,0
juanquart,YouTube,0
FaZeNanoVFX,YouTube,0
BigAntTV_Media,YouTube,0
PatataGod_,YouTube,0
n0599489490,YouTube,0
n0599489490,YouTube,0
n0599489490,YouTube,0
n0599489490,YouTube,0
n0599489490,YouTube,0
n0599489490,YouTube,0
n0599489490,YouTube,0
n0599489490,YouTube,0
DoomsdaySuga,YouTube,0
DoomsdaySuga,YouTube,0
lime__libito,YouTube,0
foreignswggrs9,YouTube,0
Darukaedge,YouTube,0
INA_WHITEGALAXY,YouTube,0
DarulAqron,YouTube,0
SupporteensPWT,YouTube,0
Ariel_Noela,YouTube,0
videosepetii,YouTube,0
Adrana09,YouTube,0
Asuteka08,YouTube,0
nrltsprlb,justinbieber,0
nrltsprlb,YouTube,0
videosepetii,YouTube,0
glamgroupnet,YouTube,0
JORDYsJORD,YouTube,0
Chipsi50,YouTube,0
Chipsi50,YouTube,0
mailykiss,YouTube,0
tilok87,YouTube,0
MesareHemtai,YouTube,0
AquaRayban,YouTube,0
asyrafkamy,YouTube,0
Piranhaditerra,YouTube,0
Piranhaditerra,YouTube,0
sunyoon99,YouTube,0
frances0079,YouTube,0
frances0079,YouTube,0
frances0079,YouTube,0
frances0079,YouTube,0
OILL0402,YouTube,0
Luyanda_Maf,YouTube,0
danitza_romina,YouTube,0
TheMizDuskBliss,YouTube,0
jose7_mas,YouTube,0
Fede_Auletta,YouTube,0
jewbellish,YouTube,0
Night_Wolf_1,YouTube,0
Zodoki,YouTube,0
lailson1,YouTube,0
gilizagonzales,YouTube,0
myownparradise,YouTube,0
ericpthomas,YouTube,0
ericpthomas,YouTube,0
ericpthomas,YouTube,0
ericpthomas,YouTube,0
ericpthomas,YouTube,0
ericpthomas,YouTube,0
ericpthomas,YouTube,0
rogyh34,YouTube,0
ohlovelyskins,YouTube,0
turtlehood87,YouTube,0
xiAstral,YouTube,0
The_Ebob,YouTube,0
crnyhof,YouTube,0
noah_greyson,YouTube,0
Sarah_Fraser1,YouTube,0
Dario_Pinheiro,YouTube,0
Thaiboi443,YouTube,0
Thaiboi443,YouTube,0
hugogarro,CNN,0
Liisescabell,YouTube,0
itsmeChanny729,YouTube,0
Lepetie666,YouTube,0
ItsKaosss,YouTube,0
MJRx_,YouTube,0
MJRx_,YouTube,0
MJRx_,YouTube,0
MJRx_,YouTube,0
scarkft,YouTube,0
plsstayfortea,YouTube,0
MasterClockwork,YouTube,0
reniluvpocoyo,YouTube,0
VanillaBrice100,YouTube,0
Azerrz,YouTube,0
crytexjordan,YouTube,0
boldandyoung73,YouTube,0
YouTubersArmaRi,YouTube,0
MarcusWCSGO,YouTube,0
yeaheslwt,Harry_Styles,0
5SOStyles_,zaynmalik,0
emocore_daora,YouTube,0
MaxUhMili,YouTube,0
KangDmi,YouTube,0
TheDicebeRollen,YouTube,0
markksantos,YouTube,0
ManolaGamer,YouTube,0
niki2501,YouTube,0
Davido2790,YouTube,0
Gii78,YouTube,0
jonashbrook,YouTube,0
SingingCsskitty,YouTube,0
t_bone1984,YouTube,0
Brenham503,YouTube,0
jshagss,YouTube,0
yotrashton,YouTube,0
azumiseguchi,YouTube,0
LuisElCrafteado,YouTube,0
babiledur,YouTube,0
corndog9291,YouTube,0
RenThanatos,YouTube,0
BootyJiggles420,YouTube,0
SulanDun,YouTube,0
k1ttyuju,YouTube,0
xhertx,TIME,0
alanynicolas,YouTube,0
PlantbasedBryan,YouTube,0
Mbee1980,YouTube,0
GundamRose1,YouTube,0
enews,enews,1
Acumagnet,YouTube,0
ValenBieber156,YouTube,0
axepoia,YouTube,0
people,people,1
COLDPLAYEOL,YouTube,0
dannrusso,YouTube,0
OPSmesmical,YouTube,0
acuna_sari,YouTube,0
Yukiellar,YouTube,0
kaja_kulawik,YouTube,0
iMRevirst,YouTube,0
michal13579,YouTube,0
Huegamer,YouTube,0
chris371RD,YouTube,0
Lycari_,YouTube,0
AlanUnNiched,YouTube,0
TitouRemy,YouTube,0
fran_sax1,YouTube,0
another_khajiit,YouTube,0
MsLuuna,YouTube,0
guerrera_26,YouTube,0
J0K3Rz_,YouTube,0
Mitito2002,YouTube,0
Mitito2002,YouTube,0
CartoonChill_,YouTube,0
Digitechviper3,YouTube,0
Digitechviper3,YouTube,0
CelPsych,YouTube,0
MiluBelu20,YouTube,0
ChloeGraceabu,YouTube,0
meta_modernism,YouTube,0
VincentDlrx,YouTube,0
kijsa,YouTube,0
jonatha21849965,YouTube,0
ExtremeIgor,YouTube,0
ellisgrilli,TIME,0
Davidstar9x,YouTube,0
SoyUnDino_Fs,YouTube,0
trueblue51,TIME,0
rcarr57,TIME,0
eder089,YouTube,0
GrawGodoy,YouTube,0
Vladimir975646,YouTube,0
ByBleix,YouTube,0
BesttaYT,YouTube,0
BesttaYT,YouTube,0
aplusdj1,YouTube,0
Mac_Mortgages,YouTube,0
camfutbol2014,YouTube,0
EdMcDougall99,YouTube,0
noodksa,YouTube,0
didiyb,FoxNews,0
eValeretto,YouTube,0
febmmbc,YouTube,0
sullivankenji,YouTube,0
CraftyMcClever,TIME,0
VeganFeeling,YouTube,0
chasebristow01,YouTube,0
chasebristow01,YouTube,0
XDTVreloadet,YouTube,0
HydeStark,YouTube,0
DiorizSantos,YouTube,0
jaivivasf,YouTube,0
xpedrosimoes47,YouTube,0
iMrGoG,YouTube,0
dearestmaggie,TIME,0
ANNIA_ID_ELF,YouTube,0
Ramtoad,FoxNews,0
farm_mom,FoxNews,0
kinanx14,YouTube,0
imsimplistic,YouTube,0
TheREALJCandE,cnnbrk,0
From_the_Morgue,FoxNews,0
Deeexyy,YouTube,0
dailynewsflow,TIME,0
yyssoD,YouTube,0
Emeyeteezed,YouTube,0
ObiMoran,YouTube,0
Virgo4u86,YouTube,0
AVET5362,TIME,0
FredOrth,TIME,0
MazizoGamer,YouTube,0
Ivimadridista17,YouTube,0
itsmevladimir4,YouTube,0
visual_popcorn,YouTube,0
cliffbenard,YouTube,0
HrzEugene,YouTube,0
HrzEugene,YouTube,0
NakayoriYT,YouTube,0
Ryocko1,YouTube,0
anniet723,YouTube,0
GameRecente,YouTube,0
babylarigirl_,YouTube,0
AlondraGrover,FoxNews,0
luchi_freetown,YouTube,0
dave_breckon,YouTube,0
iArianasButera,justinbieber,0
Laposcheni,MTV,0
psalmist90,MTV,0
AmamaBenn,MTV,0
BlogTalkFashion,MTV,0
polswithvirtues,FoxNews,0
AdityaEveready,BillGates,0
purvil12c,YouTube,0
greatiejang,YouTube,0
gracieopulanza,YouTube,0
stephenrr,TIME,0
RealEveBadua,YouTube,0
lameassbrian,YouTube,0
lameassbrian,YouTube,0
Catbonehead666,YouTube,0
shafqatcheema7,YouTube,0
SyehKukuh,YouTube,0
masonzimbler,guardian,0
TariDallas_Bieb,YouTube,0
OhhAcTiv,YouTube,0
nikitavoytov,YouTube,0
Gabri_Saiz,YouTube,0
CARLOSESQUIVE18,YouTube,0
billyjeanrenee,YouTube,0
shafqatcheema7,YouTube,0
JanellJay,TIME,0
shafqatcheema7,YouTube,0
5UDJmnJ95gyW0iU,YouTube,0
bdrgroup,YouTube,0
ToshkaMahmmed,YouTube,0
Arcedal,YouTube,0
BennyAuraki,YouTube,0
7696994144,YouTube,0
MusaAldelfy,YouTube,0
erzsi580330,YouTube,0
tiktok_uk_,YouTube,0
waelmadi,YouTube,0
tiktok_uk_,YouTube,0
Mtrain3_Meghan,YouTube,0
CrossPanqueques,YouTube,0
CrossPanqueques,YouTube,0
CHANCE_es,RealHughJackman,0
j_mikusek,mashable,0
JamesTafaroji0,YouTube,0
DarkyCardo,YouTube,0
Waellerbur,YouTube,0
RobDon213LA,TIME,0
iSolracYT,YouTube,0
Yube1897,YouTube,0
naito13015,YouTube,0
siWinnyPutriL,YouTube,0
laurenedenham,TIME,0
jooheonsteez,NiallOfficial,0
joydesperada,TIME,0
Lelebret47,YouTube,0
GinaLawriw,YouTube,0
ACarmona95,YouTube,0
Skelethon_,YouTube,0
BUSHIDOBRYAN,TIME,0
Nord_King88,YouTube,0
CHANCE_es,RealHughJackman,0
cinephileamy,TheEllenShow,0
SimplyDeneb,YouTube,0
GI__JACKSON,YouTube,0
fabiancaceres1,YouTube,0
william3293,YouTube,0
RELYOT,YouTube,0
seablue_becky,YouTube,0
kenethc781,YouTube,0
RELYOT,YouTube,0
gomeztvoficial,YouTube,0
gogo_sasayaki,TIME,0
19_Loves_85,YouTube,0
Edgar_pillo,YouTube,0
MuriihRodrigues,YouTube,0
Bryanmania67,YouTube,0
RELYOT,YouTube,0
RolandoVela1,YouTube,0
old_dayan,YouTube,0
Taniamarin93,YouTube,0
GinnaAcrylic,YouTube,0
soyyarethaburto,YouTube,0
STOLaw,TIME,0
zilefgameplay,YouTube,0
demonicbitch_98,YouTube,0
meellicoonn,YouTube,0
meellicoonn,YouTube,0
eliezrah,YouTube,0
hydnuthn211,TIME,0
kikesimmonds,YouTube,0
KyleHodges1,TIME,0
Autismwithwine,TIME,0
aegeanbella76,TIME,0
srudat,TIME,0
LyndsayFarlow,TIME,0
ChanelN19,TIME,0
RachelRizzo,TIME,0
megevanselizab,BarackObama,0
Crazygamesomg,YouTube,0
AlexPripes,YouTube,0
equis_qu,YouTube,0
thefoodtasters,TIME,0
LeBlaqueMcQueen,TIME,0
beanie_babymama,TIME,0
TiaraJNai,TIME,0
FloriiBarria,YouTube,0
sofia_aleli,TIME,0
REDDHH1,TIME,0
Ayelen_Antileo,YouTube,0
unxpctdblessing,TIME,0
MUSSA_MAR,YouTube,0
TIME,TIME,1
Andrew_Gentry15,YouTube,0
JASSON_CALET,YouTube,0
ReecesRainbow,TIME,0
DeElbenchu,YouTube,0
Moshry2008Rv,YouTube,0
karen_xcaret,YouTube,0
SergeyObzorsik,YouTube,0
DelToroFlow,YouTube,0
NatsOO9,YouTube,0
ivoivoles,YouTube,0
extrafees,YouTube,0
iArianasButera,justinbieber,0
Milinatica5,YouTube,0
DrakoonLP,YouTube,0
MikeYouens415,YouTube,0
RXisplay,YouTube,0
Vueltasdelamor,YouTube,0
xShine98,YouTube,0
Mrlawal_,YouTube,0
TheAPIRIGOTAFul,YouTube,0
iArianasButera,justinbieber,0
Titaniumalpha,YouTube,0
nitrousholdings,YouTube,0
predkoalex,YouTube,0
BraddParkinn,YouTube,0
kevinaguilar,YouTube,0
kevinaguilar,YouTube,0
kevinaguilar,YouTube,0
kevinaguilar,YouTube,0
imFryy1,YouTube,0
RealPadgekins,YouTube,0
Doza_De_Vise,YouTube,0
PWNDGAMIMNG99,YouTube,0
arianpardo8,YouTube,0
patrix_z,YouTube,0
lirabitching,YouTube,0
ltsozzie,YouTube,0
nfsloquendo,YouTube,0
Erzockt,YouTube,0
ALEXCRAFTE,YouTube,0
xficinox,YouTube,0
xficinox,YouTube,0
greycauliflower,YouTube,0
ReaperInari0,YouTube,0
Jsrezglez,YouTube,0
Julainass,YouTube,0
WestgarthAnt,YouTube,0
WestgarthAnt,YouTube,0
Dan_souss,YouTube,0
Dan_souss,YouTube,0
b_wera,YouTube,0
Demonickiddo,YouTube,0
GravityVid,YouTube,0
Animdra,YouTube,0
DackallArts,YouTube,0
Dan_souss,YouTube,0
aferust,YouTube,0
aferust,YouTube,0
Zabwow1,YouTube,0
JGLil,YouTube,0
minaglisic1,YouTube,0
minaglisic1,YouTube,0
OskyProd,YouTube,0
minaglisic1,YouTube,0
minaglisic1,YouTube,0
minaglisic1,YouTube,0
minaglisic1,YouTube,0
777sankara,YouTube,0
camilabelenbox,YouTube,0
iraqsniper2013,YouTube,0
Diegosbiego,YouTube,0
Chardayzee,YouTube,0
Bether34,YouTube,0
BryantEmmily,YouTube,0
Meikiluuu,YouTube,0
FlameLibra1,YouTube,0
zaurensan,YouTube,0
_pablius_,YouTube,0
GiovanniCodiann,YouTube,0
shammiah2,YouTube,0
mma772,YouTube,0
GregoryLoginov,YouTube,0
Penguin_CRB,YouTube,0
ThePiksYT,YouTube,0
spase_ristov,YouTube,0
TheBadSniiper,YouTube,0
Stephanieann475,YouTube,0
Stephanieann475,YouTube,0
Stephanieann475,YouTube,0
Stephanieann475,YouTube,0
Stephanieann475,YouTube,0
Stephanieann475,YouTube,0
VitorManoelMS,YouTube,0
ayeitszening,YouTube,0
ian_gonzalez,YouTube,0
HelloAdriii,YouTube,0
MassimoNovi,YouTube,0
betaseuu,YouTube,0
G_Walkiewicz,YouTube,0
awesome1400,YouTube,0
jakartigas,YouTube,0
facklkt,YouTube,0
leomachado581,YouTube,0
Djedai1981,YouTube,0
imaddy_1337,YouTube,0
DumbPeople16,YouTube,0
fxvnder,YouTube,0
HeyStepani___,YouTube,0
gabixx_YT,YouTube,0
Wind1000100,YouTube,0
fxvnder,YouTube,0
lucir88,YouTube,0
alv14yt,YouTube,0
itsbigmoo,KevinHart4real,0
itsbigmoo,KevinHart4real,0
ayeitszening,YouTube,0
LizzieWoo16,YouTube,0
99Marylin,YouTube,0
msletsplaylord,YouTube,0
brunomonteiros1,YouTube,0
DaynosTV,YouTube,0
mat_fortier,YouTube,0
mat_fortier,YouTube,0
VictorVfoc,YouTube,0
josuCraft08,YouTube,0
9iKwang,YouTube,0
MinerBrozfilms,YouTube,0
estebanseven1,YouTube,0
rebeca_mtzc,YouTube,0
AiDsMoNkEy704,YouTube,0
Tay1200Tay,YouTube,0
FiDyGrAnD,50cent,0
LadyJaggerX3,YouTube,0
XXXxSanniexXXX,YouTube,0
TheDanyReyes,YouTube,0
alanynicolas,YouTube,0
EuMannel,YouTube,0
sheernach,YouTube,0
churrofan_,justinbieber,0
churrofan_,justinbieber,0
ArmentaBeltranM,YouTube,0
Nicolas_0205,YouTube,0
adriel_ojeda,YouTube,0
vedranh,YouTube,0
hns764,YouTube,0
dax_gamer,YouTube,0
carloswilson11,YouTube,0
stephaniecash56,YouTube,0
facusolanaa,YouTube,0
Vexdon64,YouTube,0
facusolanaa,YouTube,0
facusolanaa,YouTube,0
mrsprucieboy,YouTube,0
Milesdetemas,YouTube,0
KSeokjinderella,YouTube,0
MarcGitar1,YouTube,0
MersGamer10,YouTube,0
Nicola_ro,YouTube,0
DinooRivera,YouTube,0
SoyAndrus_,YouTube,0
JeyEmKey,YouTube,0
JeyEmKey,YouTube,0
m_almaghraibi,YouTube,0
m_almaghraibi,YouTube,0
benten825,YouTube,0
Mariijo_RM,YouTube,0
HrzEugene,YouTube,0
onixonst22,YouTube,0
jaalopes,YouTube,0
tjlindemood,YouTube,0
davidmoralcurco,YouTube,0
luisfer71_cul,YouTube,0
elcataMDF,YouTube,0
JMeiberTv,YouTube,0
ThRhogh,YouTube,0
Sylv3r,YouTube,0
KoalaVsEnot,YouTube,0
DerkBroteloo,YouTube,0
DerkBroteloo,YouTube,0
02_Dan,YouTube,0
TGPotatonews,YouTube,0
fishkopf1990,YouTube,0
sadleftist,onedirection,0
losmachines12,YouTube,0
AmyAlexander6,YouTube,0
ignicordero,YouTube,0
lisia110,YouTube,0
victoralbertito,YouTube,0
populo1996,YouTube,0
Danmajor3,YouTube,0
AMusicfriends,YouTube,0
MarieAMcG,YouTube,0
MarieAMcG,YouTube,0
MarieAMcG,YouTube,0
5s0fandoms,YouTube,0
AliSGamer,YouTube,0
Mauriiciio713,YouTube,0
cliffbenard,YouTube,0
Gizzmo087,YouTube,0
Gizzmo087,YouTube,0
Mauriiciio713,YouTube,0
JGOfficial11,YouTube,0
javierblascoj9,YouTube,0
VanessaCSJ,YouTube,0
ylovevideojuego,YouTube,0
RGgaming03,YouTube,0
ethanb0206,YouTube,0
WardyPlays,YouTube,0
diegoloquer4,YouTube,0
Galaxia_16,YouTube,0
elsamb_01,YouTube,0
KorfabYT,YouTube,0
DorivalNinja,YouTube,0
i_got_toes,YouTube,0
nisemi4PoMm,YouTube,0
CamilleHoudry,YouTube,0
kikjae,YouTube,0
KanonDreamy,YouTube,0
clint_naicker,YouTube,0
elelirc,YouTube,0
yuyuylagatita,YouTube,0
GaiaHinamayuki,YouTube,0
KorfabYT,YouTube,0
FDingevan,YouTube,0
SVikii,YouTube,0
FEKfootball,YouTube,0
panperigosaa,YouTube,0
Gefiltchips,YouTube,0
debonairbiel,YouTube,0
lanadespresso,YouTube,0
DiegoAnderson10,YouTube,0
deAndreterrific,YouTube,0
roadtoutopie,YouTube,0
Mk280633236,YouTube,0
aam8235741,YouTube,0
arc_lldm,YouTube,0
crazee_king96,YouTube,0
WhiteDragon620,YouTube,0
leemeowlover,YouTube,0
leemeowlover,YouTube,0
WhiteDragon620,YouTube,0
khalilgamer12,YouTube,0
THEeryk100,YouTube,0
YimeiChiyo,YouTube,0
aloastyle,YouTube,0
DrakAnime,YouTube,0
MCChanel25,YouTube,0
sfernandezprado,YouTube,0
ZamboniEmanuele,YouTube,0
_Ninteko,YouTube,0
C0odxe,YouTube,0
ThatVape,YouTube,0
LCates68,YouTube,0
ImKSstar,YouTube,0
JON9JIW,YouTube,0
notshalini,YouTube,0
romer1970,YouTube,0
Soon2beaamputee,YouTube,0
vijayrajsaxena1,YouTube,0
zongcraft,YouTube,0
aijia96,YouTube,0
aijia96,YouTube,0
PrimoDeen,KimKardashian,0
edde_iott,YouTube,0
VMilten,YouTube,0
DjAllUp,YouTube,0
AyuTakahashi,YouTube,0
ThicoRich,YouTube,0
dkdhsjsh373,YouTube,0
dkdhsjsh373,YouTube,0
dkdhsjsh373,YouTube,0
dkdhsjsh373,YouTube,0
ThunderSpeakVA,YouTube,0
_xcrywithyou,YouTube,0
ProGaming2015,YouTube,0
TheChrisReason,YouTube,0
anima_dorgas,YouTube,0
Gorgeous_jlo_,JLo,0
nikishine,YouTube,0
DanleoGameplays,YouTube,0
kens251097,YouTube,0
kens251097,YouTube,0
kens251097,YouTube,0
TensukexD,YouTube,0
OfficiallyMJB,YouTube,0
theyurihere_,YouTube,0
DV3ctorPS3,YouTube,0
ESLetsPlay,YouTube,0
ESLetsPlay,YouTube,0
thayronemurbano,YouTube,0
miguelithocorzo,YouTube,0
mirunaamuza,YouTube,0
ThE_AlExZ,YouTube,0
lcuteliestl,YouTube,0
lautarobencapo,YouTube,0
ethanleeryder,YouTube,0
seagoonick,YouTube,0
TelhadodeNoite,YouTube,0
BlackNightForte,YouTube,0
GIEmersGrGaming,YouTube,0
JeroenVerzaal,YouTube,0
hugo_mbt,YouTube,0
poorgirl75,YouTube,0
JaredOnYT,YouTube,0
WALDOT30,YouTube,0
AssadSacinCical,YouTube,0
AdamSeal_,YouTube,0
ActorsRedCarpet,YouTube,0
elcoiyo,YouTube,0
glennmdr,YouTube,0
5GIBLESS,YouTube,0
uhoh40,YouTube,0
McClainsbaby,YouTube,0
sydbonz,YouTube,0
JuanLisset40,YouTube,0
OteroManuel77,YouTube,0
turicastillo,YouTube,0
majid277__,YouTube,0
GamesProPL,YouTube,0
Charlie07611,YouTube,0
raton6,YouTube,0
28Virgo28,YouTube,0
simonellimarie,YouTube,0
InesCozzo,YouTube,0
BelloFdgr,YouTube,0
mikkelguy,YouTube,0
MorteTheGamer,YouTube,0
HaberPortaliniz,YouTube,0
LeoKillerLDM,YouTube,0
AlmazHD,YouTube,0
mariandutestcu,YouTube,0
judyharrisson,YouTube,0
judyharrisson,YouTube,0
Janaina96180260,YouTube,0
celest67,YouTube,0
Yasmine1234sexy,YouTube,0
octwentry,YouTube,0
CdClint,YouTube,0
haRShaL_9ghare,YouTube,0
NessySiu,YouTube,0
hojokono,YouTube,0
AdriGames1,YouTube,0
AaronAlthaus,YouTube,0
anapostelnicu1,YouTube,0
TOLLABEA,YouTube,0
SuperMadhouse,YouTube,0
kazushinumberjp,YouTube,0
maequitos20012,YouTube,0
francegraphique,YouTube,0
GerardAlFil,TIME,0
RisK_Livid,YouTube,0
saraaaaras,YouTube,0
PinkiePiePartie,YouTube,0
pink2love,YouTube,0
gloomybrieyxb,YouTube,0
SeanArcadipane,YouTube,0
awsmario,YouTube,0
baexiian,YouTube,0
A_Now_One,YouTube,0
ryeongssi,YouTube,0
Zerogs1,YouTube,0
BuBu6i,YouTube,0
Trizzn,YouTube,0
NitroGlory,YouTube,0
TheZDroiide_01,YouTube,0
a_hernand,YouTube,0
KenTheWinkFairy,YouTube,0
Extrachief61,YouTube,0
FarrukoDYCompa1,YouTube,0
DeMoNcRaZyDavid,YouTube,0
Vanguard_space,YouTube,0
Dio_nysusSC,YouTube,0
GonnarGameplays,YouTube,0
loreladyblue,RobertDowneyJr,0
gusta__vo,YouTube,0
rccouto00,YouTube,0
wendyilliana,YouTube,0
Ryannicus,YouTube,0
Zlender02,YouTube,0
antoniamorale10,YouTube,0
cjhilljack,YouTube,0
camposcantu,YouTube,0
james941206,YouTube,0
sbpablosb,YouTube,0
Kiers10B,verge,0
sbpablosb,YouTube,0
MikoLipman,YouTube,0
KPharr,ladygaga,0
Mr_SpeekTV,YouTube,0
RainyAmazement,verge,0
epicfailscomp,YouTube,0
morticiagrave,YouTube,0
universal_ford,YouTube,0
ascjalumni,TheEllenShow,0
mg_larii,YouTube,0
tammirsparks,verge,0
Mariposita87,YouTube,0
katecocoloco,YouTube,0
AlexzandraBatts,YouTube,0
JJOOYY0917,YouTube,0
GrantGauthier,YouTube,0
OvejaDescarida,YouTube,0
yagamiligh999,YouTube,0
FerSalazar_U,YouTube,0
shemlinksasia,YouTube,0
khreds,YouTube,0
jemappelletan,YouTube,0
jemappelletan,YouTube,0
watdaswnsay,YouTube,0
latin_kidrauhl,YouTube,0
wowwy_its_me,YouTube,0
TWBproject,verge,0
SamuelAmyd,YouTube,0
wowwy_its_me,YouTube,0
kaahborcioni,YouTube,0
LuvExtreme,YouTube,0
juanojpz_,YouTube,0
ElipseGamere,YouTube,0
vov_mik_77,YouTube,0
JonhyGamersBR,YouTube,0
kkeady7,verge,0
QuasheeNkrumah,verge,0
l_Jeremy_I,verge,0
MattKellerABC7,WSJ,0
EwanSoy,YouTube,0
Wardrum70,verge,0
Instinctgaming4,YouTube,0
micheleboskovic,YouTube,0
LeaWallace2000,YouTube,0
BrianDivaCox,YouTube,0
aaronbozeman,YouTube,0
Bela_Henderson,YouTube,0
Cris_Rinaldi,YouTube,0
JiggySevilla,verge,0
PogPatrol,YouTube,0
LandDonald,YouTube,0
LandDonald,YouTube,0
romanmarti8,YouTube,0
mortycore,verge,0
sofiashorty,YouTube,0
Hellzrage,verge,0
ramunominecraft,YouTube,0
alesiamorris,verge,0
BD007Marky,YouTube,0
Agus_Barbo,YouTube,0
afropresencia,verge,0
SnD_Montage,YouTube,0
Reecie3,verge,0
JalexanderCe,YouTube,0
Gutihdz2k,YouTube,0
Gutihdz2k,YouTube,0
Gutihdz2k,YouTube,0
msjbe20a,verge,0
1MoorDebz,verge,0
fansvege11,YouTube,0
lunaanuevaa0,shakira,0
lunaanuevaa0,3gerardpique,0
fansvege11,YouTube,0
fansvege11,YouTube,0
_hannyth,YouTube,0
showitwithwords,verge,0
derrold,verge,0
fansvege11,YouTube,0
UnwantedMMO,YouTube,0
fansvege11,YouTube,0
joseph_javier12,YouTube,0
nattswaggie,YouTube,0
joseph_javier12,YouTube,0
josekevin1,YouTube,0
AguusAbrahamer,YouTube,0
XxFlexXHD,YouTube,0
aguz4627,YouTube,0
Struckypower,YouTube,0
LColliNas,YouTube,0
trikobronjio,verge,0
billmooneyhan,kanyewest,0
ellaschild,verge,0
ClaimFameRadio,verge,0
rebecca_love29,YouTube,0
mxrgantaylor8,YouTube,0
FLMomNYGirl,verge,0
_adaao,YouTube,0
kmax_chicago,verge,0
MoniqueAziza,verge,0
EllieAfy,YouTube,0
Cutiieex_,YouTube,0
QueenYaYaYana,YouTube,0
DasYouTuber,YouTube,0
Mrbooblegames,YouTube,0
